component,domain,keyword,definition,primary,type_var
domain,,ab,ABCD General,,
domain,,fc,"Friends, Family, & Community",,
domain,,gn,Genetics,,
domain,,le,Linked External Data,,
domain,,mh,Mental Health,,
domain,,mr,MR Imaging,,
domain,,nc,Neurocognition,,
domain,,nt,Novel Technologies,,
domain,,ph,Physical Health,,
domain,,su,Substance Use,,
domain,,covid,COVID-19 Substudy,,
domain,,ecb,Endocannabinoid Substudy,,
domain,,irma,Hurricane Irma Substudy,,
domain,,mrs,MR Spectroscopy Substudy,,
domain,,sdev,Social Development Substudy,,
source,covid | ecb | fc | gn | irma | mh | mr | mrs | nc | nt | ph | sdev | su,y,Youth,,
source,ab | covid | fc | irma | mh | nc | nt | ph | sdev | su,p,Parent,,
source,mh,t,Teacher,,
source,gn,e,Experimenter,,
source,covid | le,l,Linked data,,
source,ab,g,General,,
tab,mr,02,,FALSE,
tab,mr,04,,FALSE,
tab,mr,0b,0-back task,TRUE | FALSE,
tab,ph,0pct,0 percent,FALSE,
tab,mr,0ssd,0 millisecond stop signal delay (SSD),FALSE,
tab,mr,12,,FALSE,
tab,le,17younger,17 and younger,FALSE,
tab,nc,1da,1 day,FALSE,
tab,nc | su,1mo,1 month,FALSE,
tab,ph,1pct,1 percent,FALSE,
tab,mh,1schlyr,1 school year,FALSE,
tab,nc | su,1wk,1 week,FALSE,
tab,nc,1yr,1 year,FALSE,
tab,ph,24h,24 hours,FALSE,
tab,le,24hleq,LEQ over 24 hours,FALSE,
tab,le,24hmean,24 hour mean,FALSE,
tab,mr,2b,2-back task,TRUE | FALSE,
tab,mr,2bv0b,2-back versus 0-back,TRUE,
tab,mrs,2dj,2D J-resolved,TRUE,
tab,ph,2pct,2 percent,FALSE,
tab,mh,2wk,2 weeks,FALSE,
tab,ph,30m,30 minutes,FALSE,
tab,ph,36h,36 hours,FALSE,
tab,su,3drinksday,3 drinks per day,FALSE,
tab,nc | su,3mo,3 months,FALSE,
tab,mh,3perwk,3 times per week,FALSE,
tab,mr,3rdv,Third ventricle,FALSE,
tab,ph,4pct,4 percent,FALSE,
tab,mr,4thv,Fourth ventricle,FALSE,
tab,nc,50congr,50% congruent trials,FALSE,
tab,nc,5yr,5 years,FALSE,
tab,le,65older,65 and older,FALSE,
tab,nc,6hr,6 hours,FALSE,
tab,su,6mam,6-MAM,FALSE,
tab,mh | su,6mo,6 months,FALSE,
tab,mh,6mofree,6 months symptom free,FALSE,
tab,nc,75congr,75% congruent trials,FALSE,
tab,ph,a1c,A1C level,FALSE,
tab,mr,ab,Accumbens area,FALSE,
tab,nt,abcd,ABCD Study,FALSE,
tab,mh,abcl,Adult Behavior Checklist,TRUE,
tab,ph,abdomen,Abdomen,FALSE,
tab,mh,abrt,Aborted attempt,FALSE,
tab,su,abstn,Abstinence,FALSE,
tab,le,aca,,TRUE,
tab,le,acaexpand,ACA expansion,FALSE,
tab,ph,acar,Alpha-carotene,FALSE,
tab,nc | ph | su,acc,Accuracy,FALSE,
tab,ph,access,Access/accessibilty,FALSE,
tab,le,access2,Lack of health insurance,FALSE,
tab,nc,acct,Account,FALSE,
tab,su,acetyl,Acetyl,FALSE,
tab,fc,aclt,Acculturation Measure,TRUE,
tab,le,acs,American community survey,FALSE,
tab,covid | ph,activs,Activities,FALSE,
tab,mh,actv,Activation,FALSE,
tab,su,actvdecr,Decreased activities,FALSE,
tab,ph,add,Additional,FALSE,
tab,covid | le,addr1,Address 1,FALSE,
tab,covid | le,addr2,Address 2,FALSE,
tab,covid | le,addr3,Address 3,FALSE,
tab,covid,addr4,Address 4,FALSE,
tab,covid,addr5,Address 5,FALSE,
tab,ph,addsugar,Added sugar,FALSE,
tab,mh,adhd,Attention deficit hyperactivity disorder,TRUE | FALSE,
tab,le,adi,Area deprivation index,TRUE,
tab,su,adlt,Adult,FALSE,
tab,mr,adm,Administration,TRUE,
tab,le,admin,Administrative,TRUE,
tab,mh,adoles,Adolescent,FALSE,
tab,ab,adopt,Adoption,FALSE,
tab,mh,adt,Auditory,FALSE,
tab,le,afam,African american,FALSE,
tab,le,aff,Neighborhood factor 2,FALSE,
tab,mh,affctill,Affective illness,FALSE,
tab,mh,affl,Affiliation,FALSE,
tab,mh,afs,Adaptive functioning scale,FALSE,
tab,irma,aft,After,FALSE,
tab,fc | mr,ag,Acculturation Gap,TRUE | FALSE,
tab,ab | mh | ph,age,Age,FALSE,
tab,nc,agecor,Age corrected,FALSE,
tab,nc,agecorr,Age corrected,FALSE,
tab,mh,agg,Aggression,FALSE,
tab,mh,aggr,Aggressive behavior,FALSE,
tab,mh,agit,Agitation,FALSE,
tab,mh,agor,Agoraphobic,TRUE,
tab,ph,agricult,Agricultural groups,FALSE,
tab,le,aian,American indian or alaskan native,FALSE,
tab,le,airtoxcr,Air toxins cancer risk,FALSE,
tab,mrs,ala,Alanine,FALSE,
tab,ab | covid | le | mh | ph | su,alc,Alcohol,TRUE | FALSE,
tab,su,alcexp,Alcohol Expectancies (AEQ),TRUE,
tab,su,alchss,Alcohol Hangover Symptom Scale (HSS),TRUE,
tab,su,alcmot,Alcohol Motives,TRUE,
tab,su,alcprob,Alcohol Problem Index (RAPI),TRUE,
tab,su,alcsre,Alcohol Subjective Response and Effects (SRE),TRUE,
tab,su,alctox,Alcohol Toxicology,TRUE,
tab,mh,alcuse,Alcohol use,FALSE,
tab,le | mr | nc,all,All,TRUE | FALSE,
tab,nt,allow,Allow(ed),FALSE,
tab,mr,allvn,Anticipated large loss versus neutral,TRUE,
tab,su,alp,Alprazolam,FALSE,
tab,mrs,alpha,Alpha correction,FALSE,
tab,mr,alrvn,Anticipated large reward versus neutral,TRUE,
tab,mh,altw,,FALSE,
tab,mr,alvn,Anticipated loss versus neutral,TRUE,
tab,mr,alvsl,Anticipated large versus small loss,TRUE,
tab,mr,alvsr,Anticipated large versus small reward,TRUE,
tab,su,amp,Amphetamine,FALSE,
tab,mr,amtmp,Anteromedial temporal,FALSE,
tab,mh,an,Anorexia nervosa,FALSE,
tab,nt,andr,Android,FALSE,
tab,nc,angf,Angry face,FALSE,
tab,mh,angry,Angry or resentful,FALSE,
tab,mh,anhed,Anhedonia,FALSE,
tab,ph,ankle,Ankle,FALSE,
tab,mh,anml,Animal cruelty,FALSE,
tab,su,anor,Acetyl Norfentanyl,FALSE,
tab,ph,anthr,Anthropometrics,TRUE,
tab,le,anthro,Anthropogenic sources,FALSE,
tab,covid,antimask,Anti-masking,FALSE,
tab,mh,antsoc,Antisocial personality problems,FALSE,
tab,mh,anx,Anxiety,TRUE | FALSE,
tab,mh,anxdep,Anxiety/depression scale,FALSE,
tab,mh | mr,ap,AP phase encoding,FALSE,
tab,le,apenr,Advance placement course enrollment,FALSE,
tab,ph,aplsauce,"Applesauce, fruit cocktail",FALSE,
tab,nt,app,Apps,TRUE | FALSE,
tab,mh,appdecr,Appetite decreased,FALSE,
tab,ph,apple,"Apple, bananas, or oranges",FALSE,
tab,nt,appusage,App useage,FALSE,
tab,sdev,apq,,TRUE,
tab,mh,aps,,FALSE,
tab,mr,aqc,,FALSE,
tab,le | mr,area,,TRUE | FALSE,
tab,mh,argue,,FALSE,
tab,le,arrest,,FALSE,
tab,nt | ph,art,,FALSE,
tab,le,arthritis,,FALSE,
tab,mr,artif,,FALSE,
tab,mr,artifact,,FALSE,
tab,le,artorg,,FALSE,
tab,le,artsports,,TRUE,
tab,mr,arvn,,TRUE,
tab,fc,as,,TRUE,
tab,mrs,asc,,FALSE,
tab,mh,asd,,TRUE,
tab,mr,aseg,,TRUE,
tab,le,asian,,FALSE,
tab,mr,aslvn,,TRUE,
tab,le,asmts,,FALSE,
tab,mrs,asp,,FALSE,
tab,mh,asr,,TRUE,
tab,mr,asrvn,,TRUE,
tab,covid,asthma,,FALSE,
tab,mr,asvcg,,TRUE,
tab,mr,at,,TRUE,
tab,mh,atmpt,,FALSE,
tab,ph,atoc,,FALSE,
tab,mr,atr,,FALSE,
tab,mh,attack,,FALSE,
tab,le,attain,,FALSE,
tab,le,attimm,,TRUE,
tab,mh,attmpt,,FALSE,
tab,mh,attn,,FALSE,
tab,ph,attr,,FALSE,
tab,mh,attun,,FALSE,
tab,mr | su,aud,,TRUE | FALSE,
tab,mh,aunt,,FALSE,
tab,mr,aut,,TRUE,
tab,nt,auto,,FALSE,
tab,ph,autocad,,FALSE,
tab,mh,avoid,,FALSE,
tab,mr,avs,,FALSE,
tab,le,aw,,FALSE,
tab,mr,b0,,FALSE,
tab,ph,back,,FALSE,
tab,mh,bad,,FALSE,
tab,fc,badreact,,FALSE,
tab,mr,band,,FALSE,
tab,su,bar,,FALSE,
tab,covid,barorder,,FALSE,
tab,le,barren,,FALSE,
tab,ph,bars,,FALSE,
tab,mh,bas,,TRUE,
tab,ph,baseb,,FALSE,
tab,ph,basketb,,FALSE,
tab,ph,baso,,FALSE,
tab,ph,bcar,,FALSE,
tab,ph,bckl,,FALSE,
tab,ph,bckr,,FALSE,
tab,nc,bdefs,,TRUE,
tab,ph,bean,,FALSE,
tab,nt,beauty,,FALSE,
tab,ph,bed,,FALSE,
tab,ph,beef,,FALSE,
tab,covid | irma,bef,,FALSE,
tab,mh,before12,,FALSE,
tab,mr | ph,beh,,TRUE | FALSE,
tab,mh | ph,behav,,FALSE,
tab,le,below138,,FALSE,
tab,ab,benefit,,FALSE,
tab,ph,bfq,,TRUE,
tab,ph,bicep,,FALSE,
tab,le | mh | su,binge,,FALSE,
tab,mh,bingeprg,,FALSE,
tab,nc,bird,,TRUE,
tab,ph,birth,,FALSE,
tab,mh,bis,,TRUE,
tab,mh,bisbas,,TRUE,
tab,ph,bkfs,,TRUE,
tab,le,black,,FALSE,
tab,mh,blame,,FALSE,
tab,ph,bld,,TRUE,
tab,covid,blm,,FALSE,
tab,nc,block,,FALSE,
tab,su,blunt,,FALSE,
tab,mh,blurt,,FALSE,
tab,nt,book,,FALSE,
tab,nt,books,,FALSE,
tab,mh,bother,,FALSE,
tab,ph,bowl,,FALSE,
tab,ph,box,,FALSE,
tab,ph,bp,,TRUE,
tab,mh,bpd,,TRUE,
tab,mh,bpd1,,FALSE,
tab,mh,bpd2,,FALSE,
tab,le,bphigh,,FALSE,
tab,mh,bpm,,TRUE,
tab,le,bpmed,,FALSE,
tab,le,br,,FALSE,
tab,mr,brain,,FALSE,
tab,su,branch,,FALSE,
tab,mh,breakin,,FALSE,
tab,mh,bro,,FALSE,
tab,mr,bs,,FALSE,
tab,mr,bstmps,,FALSE,
tab,ph,btml,,FALSE,
tab,ph,btmr,,FALSE,
tab,le,built,,FALSE,
tab,mh,bulim,,FALSE,
tab,mh,bully,,FALSE,
tab,ph,burger,,FALSE,
tab,ph,burr,,FALSE,
tab,nt,business,,FALSE,
tab,ph,butt,,FALSE,
tab,le,bw,,FALSE,
tab,su,bzo,,FALSE,
tab,le,ca,,FALSE,
tab,mr,cac,,FALSE,
tab,su,cae,,FALSE,
tab,ph | su,caff,,TRUE | FALSE,
tab,ph,cakes,,FALSE,
tab,ph,cal,,FALSE,
tab,nt,call,,FALSE,
tab,le,cancer,,FALSE,
tab,ph,candy,,FALSE,
tab,ph,carb,,FALSE,
tab,covid,care,,FALSE,
tab,covid,cases,,FALSE,
tab,covid,cases100k,,FALSE,
tab,ph,cast,,FALSE,
tab,le,casthma,,FALSE,
tab,mh,catast,,FALSE,
tab,ph,categ,,FALSE,
tab,su,cath,,FALSE,
tab,mh,cause,,FALSE,
tab,mh,causeprob,,FALSE,
tab,mh,cb,,TRUE,
tab,mr,cbc,,FALSE,
tab,mh,cbcl,,TRUE,
tab,ph | su,cbd,,FALSE,
tab,su,cbn,,FALSE,
tab,mr,cbwm,,FALSE,
tab,fc | mr,cc,,FALSE,
tab,mr,cca,,FALSE,
tab,mr,ccam,,FALSE,
tab,mr,ccc,,FALSE,
tab,mr,ccp,,FALSE,
tab,mr,ccpm,,FALSE,
tab,nc,cct,,TRUE,
tab,mr,cctx,,FALSE,
tab,mr,cd,,FALSE,
tab,le,cell,,FALSE,
tab,mr,censor,,FALSE,
tab,le,censusret,,TRUE,
tab,ph,cereal,,FALSE,
tab,le,cervical,,FALSE,
tab,fc | sdev,cg1,,FALSE,
tab,fc | mh | sdev,cg2,,FALSE,
tab,sdev,cg3,,FALSE,
tab,mr,cgc,,FALSE,
tab,mr,cgh,,FALSE,
tab,mr,cgvfx,,TRUE,
tab,nc,challenge,,FALSE,
tab,mh,charac,,FALSE,
tab,le,chd,,FALSE,
tab,mr,check,,FALSE,
tab,le,checkup,,FALSE,
tab,ph,cheer,,FALSE,
tab,ph,cheese,,FALSE,
tab,ph,chest,,FALSE,
tab,covid | su,chew,,FALSE,
tab,ph,chick,,FALSE,
tab,ab | covid,child,,FALSE,
tab,le,chin,,FALSE,
tab,ph,chip,,FALSE,
tab,mh,chld,,FALSE,
tab,mrs,cho,,FALSE,
tab,ph,choc,,FALSE,
tab,ph,chol,,FALSE,
tab,le,cholhigh,,FALSE,
tab,le,cholscreen,,FALSE,
tab,covid | su,cig,,FALSE,
tab,su,cigar,,FALSE,
tab,su,cigexp,,TRUE,
tab,su,cigmot,,TRUE,
tab,mr,cio,,FALSE,
tab,mr,cip,,FALSE,
tab,le,civsoc,,FALSE,
tab,ab,claustro,,FALSE,
tab,ph,clc,,FALSE,
tab,mr,clfind,,TRUE,
tab,ph,climb,,FALSE,
tab,mh,clndistrs,,FALSE,
tab,su,clon,,FALSE,
tab,mh,close,,FALSE,
tab,su,clubdrg,,FALSE,
tab,mh,clust,,FALSE,
tab,mr,cmfrt,,FALSE,
tab,mr,cn,,FALSE,
tab,ph,cna,,TRUE,
tab,le,cnty,,TRUE | FALSE,
tab,ph,cnvs,,FALSE,
tab,su,co,,FALSE,
tab,covid | ph | su,coc,,FALSE,
tab,su,cod,,FALSE,
tab,mr,coderr,,FALSE,
tab,su,coffee,,FALSE,
tab,le,coh,,FALSE,
tab,fc,cohes,,FALSE,
tab,ab,cohort,,FALSE,
tab,le,coi,,TRUE,
tab,ecb | ph | su,coll,,FALSE,
tab,ph,collect,,FALSE,
tab,le,college,,FALSE,
tab,le,colon,,FALSE,
tab,nt,comics,,FALSE,
tab,covid | ph,comm,,FALSE,
tab,fc,commattach,,FALSE,
tab,nt,communication,,FALSE,
tab,mr | nc,comp,,FALSE,
tab,mh,compbehav,,FALSE,
tab,mh,compuls,,FALSE,
tab,nc,computed,,FALSE,
tab,le,comz,,TRUE,
tab,covid | mh | su,conc,,FALSE,
tab,ab,concern,,FALSE,
tab,mh,concprob,,FALSE,
tab,ph,concuss,,FALSE,
tab,mh,cond,,TRUE | FALSE,
tab,nc,cond1,,FALSE,
tab,nc,cond2,,FALSE,
tab,nc,cond3,,FALSE,
tab,nc,cond4,,FALSE,
tab,fc,confl,,FALSE,
tab,nc,congr,,FALSE,
tab,mh,consq,,FALSE,
tab,nt,consum,,FALSE,
tab,mr,contain,,FALSE,
tab,mr,container,,FALSE,
tab,mr,content,,FALSE,
tab,mr,contig,,FALSE,
tab,le,copd,,FALSE,
tab,covid,cope,,FALSE,
tab,ph,copp,,FALSE,
tab,le,corem,,FALSE,
tab,le,corew,,FALSE,
tab,mr | nc,corr,,TRUE | FALSE,
tab,mr,corrtask,,FALSE,
tab,su,cot,,FALSE,
tab,mh,count,,FALSE,
tab,ab,country,,FALSE,
tab,covid | ph,covid,,TRUE,
tab,ph,craft,,FALSE,
tab,su,crave,,FALSE,
tab,mr | nc,crct,,FALSE,
tab,nc,crdst,,FALSE,
tab,mrs,cre,,FALSE,
tab,mrs,cre303,,FALSE,
tab,mrs,cre391,,FALSE,
tab,nt,creative,,FALSE,
tab,le,crime,,TRUE,
tab,mh,critic,,FALSE,
tab,mrs,crlb,,FALSE,
tab,ph,crnm,,FALSE,
tab,le,crop,,FALSE,
tab,le,crops,,FALSE,
tab,le,crowding,,FALSE,
tab,fc,crpbi,,TRUE,
tab,su,crpf,,TRUE,
tab,ph,cryp,,FALSE,
tab,nc,cryst,,FALSE,
tab,mr | mrs,csf,,FALSE,
tab,mrs,csfcorr,,FALSE,
tab,le,csmoking,,FALSE,
tab,mr,cst,,FALSE,
tab,mr,csvcg,,TRUE,
tab,mr,csvis,,TRUE,
tab,mr,ctr,,FALSE,
tab,le,cu,,TRUE,
tab,mh,culturacpt,,FALSE,
tab,su,cum,,FALSE,
tab,mh,curdep,,FALSE,
tab,mh,curhypo,,FALSE,
tab,ph,curl,,FALSE,
tab,mh,curmanic,,FALSE,
tab,mr,cutoff,,FALSE,
tab,ph,cvd,,FALSE,
tab,mr,cwm,,FALSE,
tab,ph,cycle,,FALSE,
tab,ph,da,Disorder of arousal,FALSE,
tab,ph,dairy,,FALSE,
tab,ph,dance,,FALSE,
tab,nt,dapp,,FALSE,
tab,nt,dating,,FALSE,
tab,nt | su,day,,FALSE,
tab,ab,day1,,FALSE,
tab,ab,day2,,FALSE,
tab,ab,day3,,FALSE,
tab,ab,day4,,FALSE,
tab,ph,daz,,FALSE,
tab,nc,ddis,,TRUE,
tab,covid,deaths,,FALSE,
tab,covid,deaths100k,,FALSE,
tab,ph,debate,,FALSE,
tab,le,decfor,,FALSE,
tab,mr,def,,FALSE,
tab,mr | nc,delay,,FALSE,
tab,mh,delibannoy,,FALSE,
tab,su,delt10,,FALSE,
tab,su,delt8,,FALSE,
tab,mrs | su,delta,,FALSE,
tab,mh,delus,,FALSE,
tab,ab | le,demo,,TRUE,
tab,le,densalc,,TRUE,
tab,le,densbld,,TRUE,
tab,le,denspop,,TRUE,
tab,le,densveh,,TRUE,
tab,le | mr,dental,,FALSE,
tab,mh,dep,,TRUE | FALSE,
tab,mh,depersnl,,FALSE,
tab,mh,depm,,FALSE,
tab,mh,derealztn,,FALSE,
tab,mh | sdev,ders,,TRUE,
tab,su,des,,TRUE,
tab,ab,design,,FALSE,
tab,mh,detach,,FALSE,
tab,mr | nc,dev,,FALSE,
tab,covid,devathome,,FALSE,
tab,covid,devathome1yrp,,FALSE,
tab,le,devhi,,FALSE,
tab,nt,device,,FALSE,
tab,le,devlow,,FALSE,
tab,le,devmed,,FALSE,
tab,le,devop,,FALSE,
tab,ph,dfe,,FALSE,
tab,ph,dhea,,FALSE,
tab,ph,dhx,,TRUE,
tab,ph,dia,,FALSE,
tab,le,diabetes,,FALSE,
tab,su,diaz,,FALSE,
tab,le,dieselpm,,FALSE,
tab,le | mr | nc,diff,,FALSE,
tab,mh,diffctrl,,FALSE,
tab,ph,dims,Disorders of initiating and maintaining sleep,FALSE,
tab,fc,dis,,FALSE,
tab,le,disab,,FALSE,
tab,le,disabidea,,FALSE,
tab,le,disability,,FALSE,
tab,mh,disobey,,FALSE,
tab,mh,disorg,,FALSE,
tab,mr,disp,,FALSE,
tab,le,disparity,,FALSE,
tab,le,disprec,,FALSE,
tab,le,dissim,,TRUE,
tab,mr,distort,,FALSE,
tab,mh,distortcog,,FALSE,
tab,le,distr,,TRUE,
tab,mh,distract,,FALSE,
tab,mh,distrs,,FALSE,
tab,covid,disttravel,,FALSE,
tab,covid,disttravel1yrp,,FALSE,
tab,mr,dlpfrt,,FALSE,
tab,nt,dlt,,FALSE,
tab,mh,dmdd,,TRUE,
tab,mr,dmfrt,,FALSE,
tab,mr,dmri,,TRUE | FALSE,
tab,mr,doa,,FALSE,
tab,mh | ph,doc,,FALSE,
tab,ph,does,Disorders of excessive somnolence,FALSE,
tab,mr,dorsal,,FALSE,
tab,nc,double,,FALSE,
tab,mh,dr,,FALSE,
tab,ph,drama,,FALSE,
tab,ab | le | mh | ph | su,drg,,FALSE,
tab,su,drgprob,,TRUE,
tab,mh,drguse,,FALSE,
tab,su,drink,,FALSE,
tab,mh,drunk,,FALSE,
tab,fc,drv,,TRUE,
tab,ph,drxi,,FALSE,
tab,mr,dsk,,TRUE,
tab,mh,dsm,,FALSE,
tab,su,dsr,,FALSE,
tab,mr,dst,,TRUE,
tab,mr,dt,,FALSE,
tab,mr,dterr,,FALSE,
tab,mr,dti,,TRUE,
tab,su,dud,,TRUE,
tab,le,dui,,FALSE,
tab,irma | mh,dur,,FALSE,
tab,mh,dur12mo,,FALSE,
tab,mh,dur1mo,,FALSE,
tab,mh,dur1wk,,FALSE,
tab,mh,dur2wk,,FALSE,
tab,mh,dur2wks,,FALSE,
tab,mh,dur4days,,FALSE,
tab,mh,dur4wk,,FALSE,
tab,mh,dur6mo,,FALSE,
tab,su,dwi,,FALSE,
tab,su,dxm,,FALSE,
tab,ab,dyn,,TRUE,
tab,gn,ear,,FALSE,
tab,mr,early,,FALSE,
tab,mr,earn,,FALSE,
tab,nt,ears,,TRUE,
tab,nt,earsadm,,TRUE,
tab,nt,earsapp,,TRUE,
tab,nt,earskey,,TRUE,
tab,nt,earsp,,TRUE,
tab,nt,earsplt,,TRUE,
tab,nt,earsq,,TRUE,
tab,mh,eatq,,TRUE,
tab,le,eb,,FALSE,
tab,le,ec,,FALSE,
tab,ecb,ecb,,TRUE,
tab,le,ecd,,FALSE,
tab,le,ecdnec,,FALSE,
tab,le,ecenrol,,FALSE,
tab,le,eci,,TRUE,
tab,le,ecres,,FALSE,
tab,le | mh,ed,,TRUE | FALSE,
tab,covid | su,edbl,,FALSE,
tab,ph,edta10,,FALSE,
tab,ph,edta2,,FALSE,
tab,ab | fc,edu,,FALSE,
tab,nt,education,,FALSE,
tab,ph,educsup,,FALSE,
tab,le,eduhs,,FALSE,
tab,le,edulths,,FALSE,
tab,covid | fc,edusupp,,FALSE,
tab,mh,efcon,,FALSE,
tab,le,egforr,,FALSE,
tab,ph,eggs,,FALSE,
tab,nc,ehis,,TRUE,
tab,ph,elbow,,FALSE,
tab,le,elevation,,TRUE,
tab,le,ell,,FALSE,
tab,mh,elv,,FALSE,
tab,mh,emac,,FALSE,
tab,mr,emo,,TRUE,
tab,mh,emot,,FALSE,
tab,covid,emotion,,FALSE,
tab,mr,emovntf,,TRUE,
tab,ab,empl,,FALSE,
tab,le,emprat,,FALSE,
tab,covid | nt | ph | su,end,,FALSE,
tab,su,energy,,FALSE,
tab,ab,eng,,FALSE,
tab,mh,enrg,,FALSE,
tab,le,enrl,,FALSE,
tab,nt,entertainment,,FALSE,
tab,le,entropy,,TRUE,
tab,nc,enum,,FALSE,
tab,fc,env,,FALSE,
tab,ph,eos,,FALSE,
tab,mr,eprime,,FALSE,
tab,mr,epx,,FALSE,
tab,mr | ph,er,,FALSE,
tab,mh,erq,,TRUE,
tab,mr | nc,err,,FALSE,
tab,ph,ert,,FALSE,
tab,ph,esport,,FALSE,
tab,su,espres,,FALSE,
tab,nc | su,est,,TRUE | FALSE,
tab,ab | fc,ethn,,FALSE,
tab,mh,euph,,FALSE,
tab,fc | ph,eut,,TRUE | FALSE,
tab,fc,ev,,TRUE,
tab,mr,event,,TRUE,
tab,nt,events,,FALSE,
tab,mh,evnt,,FALSE,
tab,mh,evntstrsr,,FALSE,
tab,mh,excess,,FALSE,
tab,mr,excit,,FALSE,
tab,ab | covid | fc | mh,exp,,FALSE,
tab,le,expint,,TRUE,
tab,mh,expl,,FALSE,
tab,fc,explor,,FALSE,
tab,fc,expr,,FALSE,
tab,mh,ext,,FALSE,
tab,covid,extfamdiag,,FALSE,
tab,mh,extrmnd,,FALSE,
tab,gn,eye,,FALSE,
tab,ph,f,,FALSE,
tab,mrs,f0,,FALSE,
tab,mr | ph | sdev,fa,,TRUE | FALSE,
tab,gn,fac,,FALSE,
tab,ph,face,,FALSE,
tab,le,factor1,,FALSE,
tab,le,factor2,,FALSE,
tab,le,factor3,,FALSE,
tab,mr,fail,,FALSE,
tab,su,failrespons,,FALSE,
tab,ab,fam,,FALSE,
tab,mr,famap,,FALSE,
tab,irma,famconvo,,FALSE,
tab,covid,famdiag,,FALSE,
tab,mh,famhx,,TRUE,
tab,covid,famrel,,FALSE,
tab,ph,fat,,FALSE,
tab,ab | mh | ph,fath,,FALSE,
tab,mh,fatig,,FALSE,
tab,ph,fd,,FALSE,
tab,mr,fdsub,,FALSE,
tab,le,fe,,FALSE,
tab,mh,fear,,FALSE,
tab,mh,fearexcess,,FALSE,
tab,mr,feedback,,FALSE,
tab,covid,feelings,,FALSE,
tab,le,fem,,FALSE,
tab,ph,fence,,FALSE,
tab,su,fent,,FALSE,
tab,ph,ferr,,FALSE,
tab,fc,fes,,TRUE,
tab,mr,ff,,FALSE,
tab,ph,fhock,,FALSE,
tab,ph,fiber,,FALSE,
tab,mh,fidget,,FALSE,
tab,ph,field,,FALSE,
tab,mh,fig,,FALSE,
tab,mh,fight,,FALSE,
tab,mr,file,,FALSE,
tab,mr,filt,,FALSE,
tab,nc,final,,FALSE,
tab,nt,finance,,FALSE,
tab,le,finc100k,,FALSE,
tab,le,finc75k,,FALSE,
tab,mh,fire,,FALSE,
tab,ph | su,first,,FALSE,
tab,su,first5,,FALSE,
tab,ph,fish,,FALSE,
tab,ph,fishing,,FALSE,
tab,nt,fitbp,,TRUE,
tab,nt,fitbq,,TRUE,
tab,covid,fitbqtn,,TRUE,
tab,mrs,fiterr,,FALSE,
tab,le,fl,,FALSE,
tab,su,flav,,FALSE,
tab,mh,flgtid,,FALSE,
tab,nc,flips,,FALSE,
tab,le,flnfl,,FALSE,
tab,nc,flnkr,,TRUE | FALSE,
tab,mh,flshbck,,FALSE,
tab,nc,fluid,,FALSE,
tab,su,flun,,FALSE,
tab,mh,flwinstr,,FALSE,
tab,su,flwr,,FALSE,
tab,mr,fm,,TRUE | FALSE,
tab,mr,fmaj,,FALSE,
tab,mr,fmin,,FALSE,
tab,mr,fmri,,TRUE | FALSE,
tab,mr,fni,,TRUE,
tab,ph,fola,,FALSE,
tab,fc | le | nt | ph,food,,FALSE,
tab,ph,foodspd,,FALSE,
tab,ph,foot,,FALSE,
tab,ph,footb,,FALSE,
tab,le,forborn,,FALSE,
tab,mh,forcesex,,FALSE,
tab,ph,forearm,,FALSE,
tab,le,forest,,FALSE,
tab,mh,forget,,FALSE,
tab,mr,fov,,FALSE,
tab,mr,frame,,FALSE,
tab,ph,freeze,,FALSE,
tab,mh | su,freq,,FALSE,
tab,su,freqdrink,,FALSE,
tab,ph,fridge,,FALSE,
tab,ph,fries,,FALSE,
tab,ph,frisbee,,FALSE,
tab,le,frl,,FALSE,
tab,covid | fc | mh,frnd,,FALSE,
tab,ph,frntl,,FALSE,
tab,ph,frntr,,FALSE,
tab,mr,frp,,FALSE,
tab,mr,frt,,FALSE,
tab,ph,fruit,,FALSE,
tab,mh,frust,,FALSE,
tab,mh | mr,fs,,TRUE | FALSE,
tab,mr,fscs,,FALSE,
tab,mr,fsub,,FALSE,
tab,mr,fsurf,,TRUE,
tab,covid,ftwork,,FALSE,
tab,covid,ftwork1yrp,,FALSE,
tab,ph,fuge,,FALSE,
tab,mh,full,,FALSE,
tab,nc,fullcor,,FALSE,
tab,nc,fullcorr,,FALSE,
tab,mh,fullrem,,FALSE,
tab,covid,future,,FALSE,
tab,mr,fvplc,,TRUE,
tab,su,fwup,,FALSE,
tab,mr,fx,,FALSE,
tab,mr,fxcut,,FALSE,
tab,mr,fzy,,TRUE,
tab,mrs,gaba,,FALSE,
tab,mh,gad,,TRUE,
tab,nt,game,,FALSE,
tab,nt,gameaction,,FALSE,
tab,nt,gameadventure,,FALSE,
tab,nt,gamearcade,,FALSE,
tab,nt,gameboard,,FALSE,
tab,nt,gamecard,,FALSE,
tab,nt,gamecasino,,FALSE,
tab,nt,gamecasual,,FALSE,
tab,nt,gameeducation,,FALSE,
tab,nt,gamemusic,,FALSE,
tab,nt,gamepuzzle,,FALSE,
tab,nt,gameracing,,FALSE,
tab,nt,gameroleplay,,FALSE,
tab,nt | ph,games,,FALSE,
tab,nt,gamesimulation,,FALSE,
tab,nt,gamesports,,FALSE,
tab,nt,gamestrategy,,FALSE,
tab,nt,gametrivia,,FALSE,
tab,nt,gameword,,FALSE,
tab,mh,gbi,,TRUE,
tab,su,gcms,,FALSE,
tab,mr,gcn,,FALSE,
tab,mr,gcpd,,FALSE,
tab,mr,gcpv,,FALSE,
tab,nc,gdt,,TRUE,
tab,ab,gen,,FALSE,
tab,covid,gengathban,,FALSE,
tab,gn,genrel,,TRUE,
tab,covid,geoadm,,TRUE,
tab,covid,geobls,,TRUE,
tab,covid,geocen,,TRUE,
tab,covid,geocount,,TRUE,
tab,covid,geopolicy,,TRUE,
tab,covid,geosg,,TRUE,
tab,ab | mh,gfath,,FALSE,
tab,mr,gfio,,FALSE,
tab,mr,gfiob,,FALSE,
tab,mr,gfit,,FALSE,
tab,mr,gfm,,FALSE,
tab,mr,gfs,,FALSE,
tab,su,ghb,,FALSE,
tab,mr,ghost,,FALSE,
tab,le,gi,,TRUE,
tab,le,gifted,,FALSE,
tab,mr,gilsci,,FALSE,
tab,mr,gis,,FALSE,
tab,mrs,glc,,FALSE,
tab,mrs,gln,,FALSE,
tab,mh,glt,,FALSE,
tab,mrs,glu,,FALSE,
tab,mrs,glx,,FALSE,
tab,mrs,gly,,FALSE,
tab,ph,glyc,,FALSE,
tab,mr | mrs,gm,,TRUE | FALSE,
tab,sdev,gma,,TRUE,
tab,ab | mh,gmoth,,FALSE,
tab,mr,go,,FALSE,
tab,mh,goaldir,,FALSE,
tab,ph,golf,,FALSE,
tab,mr,gom,,FALSE,
tab,mh,good,,FALSE,
tab,le,goodsam,,TRUE,
tab,mr,gos,,FALSE,
tab,mr,gotlf,,FALSE,
tab,mr,gotml,,FALSE,
tab,mr,gotmp,,FALSE,
tab,mr,gp,,TRUE,
tab,mr | mrs,gpc,,FALSE,
tab,mr,gpia,,FALSE,
tab,mr,gpis,,FALSE,
tab,mr,gpnet,,TRUE,
tab,mr,gprcn,,FALSE,
tab,mr,gprct,,FALSE,
tab,mr,gps,,FALSE,
tab,mr,gr,,FALSE,
tab,le,grade,,FALSE,
tab,nt,graphics,,FALSE,
tab,le,grass,,FALSE,
tab,ph,grbean,,FALSE,
tab,le,grd,,FALSE,
tab,mh,grdschl,,FALSE,
tab,le,green,,FALSE,
tab,mh,grndios,,FALSE,
tab,ph,grndmeat,,FALSE,
tab,nc,group,,FALSE,
tab,le,groupquarters,,FALSE,
tab,ph,groups,,FALSE,
tab,mr,gs,,FALSE,
tab,mr,gsca,,FALSE,
tab,mr,gscma,,FALSE,
tab,mr,gscmp,,FALSE,
tab,mr,gsfm,,FALSE,
tab,mrs,gsh,,FALSE,
tab,le,gsl,,FALSE,
tab,mr,gsoi,,FALSE,
tab,mr,gspc,,FALSE,
tab,mr,gssc,,FALSE,
tab,mr,gstf,,FALSE,
tab,mr,gti,,FALSE,
tab,mr,gtm,,FALSE,
tab,mr,gtsgtt,,FALSE,
tab,mr,gtsl,,FALSE,
tab,mr,gtspp,,FALSE,
tab,mr,gtspt,,FALSE,
tab,mr,gwc,,TRUE,
tab,fc,gym,,FALSE,
tab,ph,gymnast,,FALSE,
tab,mrs,h2o,,FALSE,
tab,gn,hair,,FALSE,
tab,su,hairtox,,TRUE,
tab,mh,half,,FALSE,
tab,su,hall,,FALSE,
tab,mh,halluc,,FALSE,
tab,ph,hand,,FALSE,
tab,nc,hapf,,FALSE,
tab,mh,harm,,FALSE,
tab,le,haypst,,FALSE,
tab,su,haz,,FALSE,
tab,ph,hbg,,FALSE,
tab,mr | su,hc,,FALSE,
tab,ph,hdl,,FALSE,
tab,le,he,,FALSE,
tab,ph,head,,FALSE,
tab,covid | nt,health,,FALSE,
tab,le,heat,,FALSE,
tab,ab | ph,height,,FALSE,
tab,le,herb,,FALSE,
tab,le,herbwt,,FALSE,
tab,mrs,hermes,,TRUE,
tab,su,hh2,,FALSE,
tab,su,hh3,,FALSE,
tab,ab,hhold,,FALSE,
tab,le,highcbd,,FALSE,
tab,ph,hike,,FALSE,
tab,ph,hip,,FALSE,
tab,le,his,,FALSE,
tab,le,hisp,,FALSE,
tab,le,hispanic,,FALSE,
tab,mh,hlcn,,FALSE,
tab,le,hlthins,,FALSE,
tab,su,hm,,FALSE,
tab,ph,hmct,,FALSE,
tab,mr,hnd,,TRUE,
tab,mr,hni,,TRUE,
tab,mr,hnt,,TRUE,
tab,mh,hom,,TRUE,
tab,le,home,,FALSE,
tab,covid,homedwell,,FALSE,
tab,covid,homedwell1yrp,,FALSE,
tab,le,homeowner,,FALSE,
tab,le,homerisk,,FALSE,
tab,le,homevalue,,FALSE,
tab,su,hookah,,FALSE,
tab,ph,horse,,FALSE,
tab,le | mh,hosp,,FALSE,
tab,ph,hotdog,,FALSE,
tab,nt,house,,FALSE,
tab,mh,hplss,,FALSE,
tab,ph,hpv,,FALSE,
tab,nt,hr,,FALSE,
tab,ph,hrate,,FALSE,
tab,su,hrd,,FALSE,
tab,ph,hse,,FALSE,
tab,fc,hsf,,TRUE,
tab,le,hsgrad,,FALSE,
tab,su,hvy,,FALSE,
tab,le,hw,,FALSE,
tab,ph,hyphy,Sleep hyperhydrosis,FALSE,
tab,mh,hypimp,,FALSE,
tab,mh,hypo,,FALSE,
tab,mh,hypomix,,FALSE,
tab,mh,hyporeact,,FALSE,
tab,mh,hypractv,,FALSE,
tab,mh,hyprreact,,FALSE,
tab,mh,hyprsex,,FALSE,
tab,mh,hyprsom,,FALSE,
tab,mh,hyprvigl,,FALSE,
tab,mr,ic,,FALSE,
tab,ph,icecrm,,FALSE,
tab,su,icup,,FALSE,
tab,mr,icv,,FALSE,
tab,ph | su,id,,FALSE,
tab,mh,idea,,FALSE,
tab,mr,ifo,,FALSE,
tab,mr,ifsfc,,FALSE,
tab,mr,ign,,FALSE,
tab,mr,igvcg,,TRUE,
tab,mr,igvis,,TRUE,
tab,ph,ihock,,FALSE,
tab,mr,ilf,,FALSE,
tab,su,illdrg,,FALSE,
tab,mr,ilv,,FALSE,
tab,ph,imgran,,FALSE,
tab,nc,immed,,FALSE,
tab,le,immigrant,,FALSE,
tab,mh,imnt,,FALSE,
tab,fc | mh,imp,,FALSE,
tab,covid | ph,impact,,FALSE,
tab,mh,impfunct,,FALSE,
tab,mr,import,,FALSE,
tab,mh,impuls,,FALSE,
tab,mh,inatt,,FALSE,
tab,mh,incapp,,FALSE,
tab,sdev,incar,,TRUE,
tab,mr,incl,,TRUE,
tab,ab | le,income,,FALSE,
tab,mr,incomp,,FALSE,
tab,nc,incongr,,FALSE,
tab,mh,incr,,FALSE,
tab,mr,incrct,,FALSE,
tab,mh,indec,,FALSE,
tab,nc,indifpt,,FALSE,
tab,fc,indselfrel,,FALSE,
tab,mr,info,,TRUE,
tab,covid | su,inh,,FALSE,
tab,mh,inhib,,FALSE,
tab,mr,inhomog,,FALSE,
tab,mr,init,,FALSE,
tab,nc,initial,,FALSE,
tab,mr,ins,,FALSE,
tab,mh,insom,,FALSE,
tab,ab,insur,,FALSE,
tab,mh,int,,FALSE,
tab,fc,intelcult,,FALSE,
tab,mr,intensity,,FALSE,
tab,mr,inter,,FALSE,
tab,covid,interfere,,FALSE,
tab,su,interprs,,FALSE,
tab,mh,interrupt,,FALSE,
tab,mh,intnt,,FALSE,
tab,mh,intr,,FALSE,
tab,mr,intra,,FALSE,
tab,mh,intrmnd,,FALSE,
tab,mh,intrpt,,FALSE,
tab,nc,intrsn,,FALSE,
tab,mh,intru,,FALSE,
tab,mr,invalid,,FALSE,
tab,le,invest,,FALSE,
tab,fc,involv,,FALSE,
tab,nt,ios,,FALSE,
tab,ph,ipaq,,TRUE,
tab,mr,iprt,,FALSE,
tab,ph,iron,,FALSE,
tab,mh,irrit,,FALSE,
tab,mr,is,,TRUE,
tab,fc,isc,,FALSE,
tab,su,isip,,FALSE,
tab,ph,iskate,,FALSE,
tab,mr,isvcg,,TRUE,
tab,nc,item,,FALSE,
tab,mr,itmp,,FALSE,
tab,su,itu,,TRUE,
tab,nc,jbviolat,,FALSE,
tab,covid | le | ph,job,,FALSE,
tab,le,jobprox,,FALSE,
tab,ph,juice,,FALSE,
tab,le,k,,FALSE,
tab,mh | ph,kbi,,TRUE | FALSE,
tab,su,ket,,FALSE,
tab,ph,ketch,,FALSE,
tab,nt,keyinput,,FALSE,
tab,nt,keyst,,FALSE,
tab,le,kfrpp,,FALSE,
tab,le,kidney,,FALSE,
tab,nt,kids,,FALSE,
tab,ph,knee,,FALSE,
tab,fc,knowl,,FALSE,
tab,le,kor,,FALSE,
tab,mh | su,ksads,,TRUE,
tab,le,l10d,,FALSE,
tab,le,l50d,,FALSE,
tab,le,l90d,,FALSE,
tab,ph | su,lab,,FALSE,
tab,ph | su,label,,FALSE,
tab,mrs,lac,,FALSE,
tab,ph,lacfr,,FALSE,
tab,mr,laptop,,FALSE,
tab,su,last,,FALSE,
tab,ph,lastmeal,,FALSE,
tab,mr,late,,FALSE,
tab,le,lawsmj,,TRUE,
tab,ph,lax,,FALSE,
tab,su,lcms,,FALSE,
tab,mr | nc,ld,,TRUE | FALSE,
tab,le,leadrisk,,TRUE,
tab,ph,leave,,FALSE,
tab,ph,leg,,FALSE,
tab,ph,legume,,FALSE,
tab,le,lep,,FALSE,
tab,le,lesseng,,FALSE,
tab,mr,lfah,,FALSE,
tab,mr,lfav,,FALSE,
tab,mr,lfp,,FALSE,
tab,mr,lg,,FALSE,
tab,mr,lh,,FALSE,
tab,fc,lib,,FALSE,
tab,nt,libraries,,FALSE,
tab,mh,lies,,FALSE,
tab,nt,lifestyle,,FALSE,
tab,ph,lift,,FALSE,
tab,mr,line,,FALSE,
tab,nc,lmt,,TRUE,
tab,ph,lmusic,,FALSE,
tab,ph,lnchmeat,,FALSE,
tab,le,lnmean,,FALSE,
tab,mr,lobfrt,,FALSE,
tab,ph,loc,,FALSE,
tab,mr,locc,,FALSE,
tab,le,lodes,,TRUE,
tab,fc,lone,,TRUE,
tab,nc | ph,long,,FALSE,
tab,su,loraz,,FALSE,
tab,mh,loses,,FALSE,
tab,mr,loss,,FALSE,
tab,nc,losses,,FALSE,
tab,ph,low,,FALSE,
tab,su,lowuse,,TRUE,
tab,le,lpa,,FALSE,
tab,mr,lpvnf,,TRUE,
tab,nc,lstb,,FALSE,
tab,nc,lswmt,,FALSE,
tab,ph | su,lt,,FALSE,
tab,mr,lure,,FALSE,
tab,mr,lv,,TRUE | FALSE,
tab,nc,lvl1,,FALSE,
tab,nc,lvl2,,FALSE,
tab,nc,lvl2a,,FALSE,
tab,nc,lvl2b,,FALSE,
tab,nc,lvl3,,FALSE,
tab,mr,lvs,,FALSE,
tab,ph,lyco,,FALSE,
tab,ph,lymph,,FALSE,
tab,ph,lz,,FALSE,
tab,ph,m,,FALSE,
tab,ph,m161,,FALSE,
tab,ph,m181,,FALSE,
tab,ph,m201,,FALSE,
tab,ph,m221,,FALSE,
tab,ph,mac,,FALSE,
tab,nt,magazines,,FALSE,
tab,ph,magn,,FALSE,
tab,le,mal,,FALSE,
tab,mh,maladp,,FALSE,
tab,fc,mall,,FALSE,
tab,le,mammouse,,FALSE,
tab,mr,man,,TRUE,
tab,mh,mania,,FALSE,
tab,mh,manic,,FALSE,
tab,mh,manicmix,,FALSE,
tab,nt,maps,,FALSE,
tab,ab,marital,,FALSE,
tab,ph,martarts,,FALSE,
tab,ab | mh,mat,,FALSE,
tab,mr,match,,FALSE,
tab,le,math,,TRUE | FALSE,
tab,nt,mature,,FALSE,
tab,su,max,,FALSE,
tab,mr,mbr,,FALSE,
tab,ph,mch,,FALSE,
tab,ph,mchc,,FALSE,
tab,covid | ph,mctq,,TRUE | FALSE,
tab,ph,mcv,,FALSE,
tab,mr,md,,TRUE | FALSE,
tab,su,mda,,FALSE,
tab,mh,mdd,,FALSE,
tab,su,mdea,,FALSE,
tab,nc,mdf,,FALSE,
tab,su,mdma,,FALSE,
tab,le,mean,,FALSE,
tab,ph,meat,,FALSE,
tab,ph,meatsub,,FALSE,
tab,ab | ph | su,med,,FALSE,
tab,covid | irma,media,,FALSE,
tab,nt,medical,,FALSE,
tab,le,medlegdisp,,FALSE,
tab,le,medmj,,TRUE,
tab,ph,meds,,TRUE,
tab,fc,meim,,TRUE,
tab,mh,memloss,,FALSE,
tab,mr,memo,,FALSE,
tab,ab,metal,,FALSE,
tab,su,meth,,FALSE,
tab,le,metro,,TRUE | FALSE,
tab,ph,mfat,,FALSE,
tab,le,mfg,,FALSE,
tab,mh,mh,,TRUE,
tab,le,mhe,,FALSE,
tab,le,mhlth,,FALSE,
tab,ph,mhx,,TRUE,
tab,su,mhydrx,,FALSE,
tab,mrs,mi,,FALSE,
tab,mr | ph,mid,,TRUE | FALSE,
tab,su,midaz,,FALSE,
tab,ph,milk,,FALSE,
tab,nt,min,,FALSE,
tab,mh,mindur,,FALSE,
tab,le,minority,,FALSE,
tab,nt,mins,,FALSE,
tab,mr,mismatch,,FALSE,
tab,mr,miss,,FALSE,
tab,mh,mistake,,FALSE,
tab,le,mixfor,,FALSE,
tab,covid | le | ph | su,mj,,FALSE,
tab,le,mjdecrim,,FALSE,
tab,su,mjexp,,TRUE,
tab,le,mjlaws,,FALSE,
tab,su,mjmot,,TRUE,
tab,su,mjprob,,TRUE,
tab,su,mjsre,,TRUE,
tab,su,mjws,,TRUE,
tab,mh,mltset,,FALSE,
tab,ph,mma,,FALSE,
tab,le,mml,,FALSE,
tab,le,mn,,FALSE,
tab,fc,mnbs,,TRUE,
tab,mr,mobfrt,,FALSE,
tab,le,mobilehomes,,FALSE,
tab,mr,moire,,FALSE,
tab,ph,mois,,FALSE,
tab,ph,mono,,FALSE,
tab,mh,mood,,FALSE,
tab,su,mor,,FALSE,
tab,le,mortgage,,FALSE,
tab,mr,mot,,TRUE | FALSE,
tab,ab | mh | ph,moth,,FALSE,
tab,mh,motor,,FALSE,
tab,ph,mouth,,FALSE,
tab,mr,mssng,,FALSE,
tab,su,mtd,,FALSE,
tab,mh,mthd,,FALSE,
tab,mr,mtmp,,FALSE,
tab,mh,mtr,,FALSE,
tab,le | mh,multi,,FALSE,
tab,le,multiplehousing,,FALSE,
tab,nt,music,,FALSE,
tab,ph,musicinstr,,FALSE,
tab,le,mustaccess,,FALSE,
tab,su,mypi,,TRUE,
tab,su,mysu,,TRUE,
tab,fc | mrs,naa,,TRUE | FALSE,
tab,mrs,naag,,FALSE,
tab,le,nal,,TRUE,
tab,le,nalcop,,FALSE,
tab,fc,nat,,FALSE,
tab,le,nata,,TRUE,
tab,le,national,,FALSE,
tab,nt,navigation,,FALSE,
tab,mr,nback,,TRUE | FALSE,
tab,sdev,nbh,,TRUE,
tab,le,nbhsoc,,TRUE,
tab,fc,nce,,TRUE,
tab,le,ndbi,,FALSE,
tab,le,ndvi,,FALSE,
tab,le,ndwi,,FALSE,
tab,le,nec,,FALSE,
tab,ph,neck,,FALSE,
tab,mr,need,,FALSE,
tab,mr,needrqc,,FALSE,
tab,le | mh | mr | su,neg,,FALSE,
tab,mh,negaff,,FALSE,
tab,mh,negblf,,FALSE,
tab,su,negimpct,,FALSE,
tab,mh,negscnd,,FALSE,
tab,mr,nerv,,FALSE,
tab,mh,nerve,,FALSE,
tab,nc,net,,FALSE,
tab,mr | ph,neut,,FALSE,
tab,mr,new,,FALSE,
tab,covid,newcase100k7day,,FALSE,
tab,covid,newcases,,FALSE,
tab,covid,newcases100k,,FALSE,
tab,covid,newdeath100k7day,,FALSE,
tab,covid,newdeaths,,FALSE,
tab,covid,newdeaths100k,,FALSE,
tab,nt,news,,FALSE,
tab,mr,ngfvntf,,TRUE,
tab,mh,nghtmr,,FALSE,
tab,le,nh4,,FALSE,
tab,su,nhc,,FALSE,
tab,le,nhpi,,FALSE,
tab,le,ni,,FALSE,
tab,ph,niac,,FALSE,
tab,covid | mh | ph | su,nic,,FALSE,
tab,su,nicdpnd,,TRUE,
tab,su,nicsre,,TRUE,
tab,su,nictox,,TRUE,
tab,su,nicvapeexp,,TRUE,
tab,su,nicvapereas,,TRUE,
tab,nc,nihtb,,TRUE,
tab,le,nlcd,,TRUE,
tab,mh,no,,FALSE,
tab,le,no2,,TRUE | FALSE,
tab,mh,no2mosymptfree,,FALSE,
tab,le,no3,,FALSE,
tab,mh,no3mosymptfree,,FALSE,
tab,nt,noapp,,FALSE,
tab,su,noc,,FALSE,
tab,le,nocar,,FALSE,
tab,mr,nocc,,FALSE,
tab,le,nocomp,,FALSE,
tab,mr,nody,,FALSE,
tab,mh,nofig,,FALSE,
tab,mr,nofm,,FALSE,
tab,nc,nogroup,,FALSE,
tab,le,nohsdiploma,,FALSE,
tab,le,noint,,FALSE,
tab,mh,nointnt,,FALSE,
tab,le,noise,,TRUE,
tab,mr,nokspace,,FALSE,
tab,mh,nomdd,,FALSE,
tab,mr,non,,FALSE,
tab,mh,none,,FALSE,
tab,le,nonhisp,,FALSE,
tab,mr,nonlure,,FALSE,
tab,mr | su,nonrand,,FALSE,
tab,le,nophone,,FALSE,
tab,le,noplumbing,,FALSE,
tab,mh,nopos,,FALSE,
tab,su,norc,,FALSE,
tab,su,nord,,FALSE,
tab,nc,noregroup,,FALSE,
tab,nc,norule,,FALSE,
tab,su,norx,,FALSE,
tab,mh,noschl,,FALSE,
tab,mh,nosi,,FALSE,
tab,mh,nosleep,,FALSE,
tab,mh,nosymp,,FALSE,
tab,nt,nosys,,FALSE,
tab,mh,notlisten,,FALSE,
tab,mh,notrma,,FALSE,
tab,le,novehicle,,FALSE,
tab,ab,nowork,,FALSE,
tab,nc,nr,,FALSE,
tab,ph,nrbc,,FALSE,
tab,fc,ns,,TRUE,
tab,fc,nsc,,TRUE,
tab,ph,nswt,,FALSE,
tab,le,ntl,,FALSE,
tab,mr,nts,,TRUE,
tab,ab | le,ntvam,,FALSE,
tab,ab,ntvlang,,FALSE,
tab,mh,nurg,,FALSE,
tab,ph,nwg,,FALSE,
tab,le,nww,,FALSE,
tab,le,o3,,TRUE | FALSE,
tab,ph,oats,,FALSE,
tab,mh,obese,,FALSE,
tab,le,obesity,,FALSE,
tab,mr,obfrt,,FALSE,
tab,fc | su,obl,,FALSE,
tab,mh,obsess,,FALSE,
tab,le | su,oc,,FALSE,
tab,le | mr,occ,,FALSE,
tab,mh,ocd,,TRUE | FALSE,
tab,ab,ocp,,TRUE,
tab,mh,odd,,TRUE,
tab,su,oftox,,TRUE,
tab,su,ohydrx,,FALSE,
tab,su,oil,,FALSE,
tab,mr,ok,,FALSE,
tab,mh,old,,FALSE,
tab,le,ols,,FALSE,
tab,su,om,,FALSE,
tab,mh,online,,FALSE,
tab,mh | ph | su,onset,,FALSE,
tab,le,op,,FALSE,
tab,ph | su,opi,,FALSE,
tab,le,opioidrx,,FALSE,
tab,mh,opp,,FALSE,
tab,fc,org,,FALSE,
tab,mh,orgtask,,FALSE,
tab,ph,orient,,FALSE,
tab,nt,os,,FALSE,
tab,ph,otbi,,TRUE,
tab,ph | su,otc,,FALSE,
tab,fc | mh | mr | su,oth,,FALSE,
tab,mh,othcaus,,FALSE,
tab,su,othdrg,,FALSE,
tab,ph,othfruit,,FALSE,
tab,mh,othpr,,FALSE,
tab,ph,othveg,,FALSE,
tab,su,otu,,TRUE,
tab,mh,outbrst,,FALSE,
tab,mh,outlate,,FALSE,
tab,mh,overt,,FALSE,
tab,su,overuse,,FALSE,
tab,le,ownership,,FALSE,
tab,su,oxaz,,FALSE,
tab,le,oz,,TRUE,
tab,le,ozone,,FALSE,
tab,sdev,p,,TRUE,
tab,le,p1,,FALSE,
tab,le,p100,,FALSE,
tab,ph,p182,,FALSE,
tab,ph,p183,,FALSE,
tab,ph,p184,,FALSE,
tab,ph,p204,,FALSE,
tab,ph,p205,,FALSE,
tab,ph,p225,,FALSE,
tab,ph,p226,,FALSE,
tab,le,p25,,FALSE,
tab,le,p50,,FALSE,
tab,le,p75,,FALSE,
tab,mr | ph,pa,,TRUE | FALSE,
tab,mr,pactr,,FALSE,
tab,ph,paddle,,FALSE,
tab,mh,pai,,TRUE,
tab,mh,panic,,TRUE,
tab,nt,parent,,FALSE,
tab,nt,parenting,,FALSE,
tab,fc,park,,FALSE,
tab,le,parks,,TRUE,
tab,le,particulat,,TRUE,
tab,mh,partrem,,FALSE,
tab,mh | mr,pass,,FALSE,
tab,mh | su,past,,FALSE,
tab,covid,pastmo,,FALSE,
tab,ab | mh,pat,,FALSE,
tab,ph,patt,,FALSE,
tab,le | sdev,pb,,TRUE | FALSE,
tab,ph,pbeh,,FALSE,
tab,fc,pbp,,TRUE,
tab,mr,pcc,,FALSE,
tab,mr,pcg,,FALSE,
tab,mrs,pch,,FALSE,
tab,le | su,pcp,,FALSE,
tab,sdev,pd,,TRUE,
tab,mh,pdd,,FALSE,
tab,le,pdmp,,FALSE,
tab,ph,pds,,TRUE,
tab,mrs,pe,,FALSE,
tab,mr,pendaqc,,FALSE,
tab,mh,peq,,TRUE,
tab,su,perc,,TRUE,
tab,le,percapitaincome,,FALSE,
tab,mh,pers,,FALSE,
tab,mh,persec,,FALSE,
tab,nt,personalization,,FALSE,
tab,mh,perst,,FALSE,
tab,covid | fc,pet,,TRUE | FALSE,
tab,ph,pfat,,FALSE,
tab,mr,pfrt,,FALSE,
tab,su,pgd,,TRUE,
tab,mr,ph,,FALSE,
tab,le,pharm,,FALSE,
tab,su,phenaz,,FALSE,
tab,le,phlth,,FALSE,
tab,mh,phnc,,FALSE,
tab,mh,phobia,,TRUE,
tab,nt,phone,,FALSE,
tab,ph,phos,,FALSE,
tab,gn | nt,photo,,FALSE,
tab,nt,photography,,FALSE,
tab,ph,phs,,TRUE,
tab,su,phydrx,,FALSE,
tab,su,phys,,FALSE,
tab,mh,physcruel,,FALSE,
tab,mh,physreact,,FALSE,
tab,mh,physympt,,FALSE,
tab,mr,pialover,,FALSE,
tab,nc,picsq,,FALSE,
tab,nc,picvcb,,FALSE,
tab,covid | su,pipe,,FALSE,
tab,ph,pizza,,FALSE,
tab,fc,pk,,TRUE,
tab,mr,pl,,TRUE | FALSE,
tab,mr,place,,FALSE,
tab,le,places,,TRUE,
tab,mh,plan,,FALSE,
tab,mr,plc,,TRUE,
tab,mh,ple,,TRUE,
tab,ph,plml,,FALSE,
tab,ph,plmr,,FALSE,
tab,ph,plt,,FALSE,
tab,mr,pltmp,,FALSE,
tab,su,plus,,TRUE,
tab,fc,pm,,TRUE,
tab,le,pm25,,TRUE | FALSE,
tab,le,pm25days,,FALSE,
tab,nt,pmum,,FALSE,
tab,fc,pnh,,TRUE,
tab,mr,pob,,FALSE,
tab,mr,pocc,,FALSE,
tab,mr,poctr,,FALSE,
tab,ph,poik,,FALSE,
tab,mr,point,,FALSE,
tab,covid | fc | sdev,pol,,TRUE | FALSE,
tab,mr,polardiff,,FALSE,
tab,le,polnalox,,TRUE,
tab,le,pool,,TRUE,
tab,mh,pooreyecont,,FALSE,
tab,le | mr,pop,,FALSE,
tab,ph,popcorn,,FALSE,
tab,ph,popcrn,,FALSE,
tab,gn,popstruct,,TRUE,
tab,ph,pork,,FALSE,
tab,mh | mr | su,pos,,FALSE,
tab,le,possess,,FALSE,
tab,mr | nc | nt,post,,TRUE | FALSE,
tab,ph,pota,,FALSE,
tab,le,pov125,,FALSE,
tab,le,poverty,,FALSE,
tab,le,povrate,,FALSE,
tab,mh,ppl,,FALSE,
tab,mh,pps,,TRUE,
tab,su,ppx,,FALSE,
tab,ph,pq,,TRUE,
tab,mr,prac,,FALSE,
tab,nc,prac1,,FALSE,
tab,nc,prac2,,FALSE,
tab,nc,pract,,FALSE,
tab,mr,prcn,,FALSE,
tab,mr,prctr,,FALSE,
tab,mr | nc | nt,pre,,FALSE,
tab,le,prenatal,,TRUE,
tab,covid | mh,prep,,FALSE,
tab,mh | su,pres,,FALSE,
tab,mr,prev,,FALSE,
tab,covid,privacy,,FALSE,
tab,mh | su,prob,,FALSE,
tab,mr,procerr,,FALSE,
tab,nt,productivity,,FALSE,
tab,ph,prot,,FALSE,
tab,mr,protcom,,FALSE,
tab,le,protocolstanding,,FALSE,
tab,mh,prov,,FALSE,
tab,mh,prspch,,FALSE,
tab,mr,prt,,FALSE,
tab,ab,prtn,,FALSE,
tab,ab,prtnr,,FALSE,
tab,mh,prvntanx,,FALSE,
tab,le,prxece,,FALSE,
tab,le,prxhqece,,FALSE,
tab,fc,psb,,TRUE,
tab,mh,psbldie,,FALSE,
tab,mr,pscs,,FALSE,
tab,mr,psfvntf,,TRUE,
tab,mr,pslf,,FALSE,
tab,irma | mh,pss,,TRUE | FALSE,
tab,mr,pst,,FALSE,
tab,mh | su,psych,,TRUE | FALSE,
tab,mh,psymot,,FALSE,
tab,mr,pt,,FALSE,
tab,mr,ptg,,FALSE,
tab,mr,ptmp,,FALSE,
tab,mh,ptsd,,TRUE,
tab,ph,ptsm,,FALSE,
tab,nc,pttcp,,FALSE,
tab,su,ptu,,TRUE,
tab,covid,ptwork,,FALSE,
tab,covid,ptwork1yrp,,FALSE,
tab,ph,pubic,,FALSE,
tab,fc,publ,,FALSE,
tab,le,public,,FALSE,
tab,covid,pubmask,,FALSE,
tab,su,puff,,FALSE,
tab,mh,purg,,FALSE,
tab,le,pwat,,FALSE,
tab,mr | su,qc,,TRUE | FALSE,
tab,mr,qccompl,,FALSE,
tab,covid | irma | mr,qtn,,TRUE,
tab,nc,quad,,FALSE,
tab,mr,quality,,FALSE,
tab,le,queen,,FALSE,
tab,mh,quiet,,FALSE,
tab,mr,rac,,FALSE,
tab,ab,race,,FALSE,
tab,mh,ractho,,FALSE,
tab,fc,rank,,FALSE,
tab,nc,ravlt,,TRUE,
tab,mr | nc | ph,raw,,TRUE | FALSE,
tab,ph,rbc,,FALSE,
tab,mh,rckls,,FALSE,
tab,mh,rcnt,,FALSE,
tab,sdev,rd,,TRUE,
tab,ph,rdw,,FALSE,
tab,irma,reactind,,FALSE,
tab,le | mr | nt | ph,read,,TRUE | FALSE,
tab,le,reading,,FALSE,
tab,nc,readr,,FALSE,
tab,mh,reapp,,FALSE,
tab,covid,reassure,,FALSE,
tab,fc | le | mr,rec,,TRUE | FALSE,
tab,ph,recd,,FALSE,
tab,mr,receive,,FALSE,
tab,mr,recmem,,FALSE,
tab,mr,recon,,FALSE,
tab,su,reduce,,FALSE,
tab,fc,ref,,FALSE,
tab,nt,reference,,FALSE,
tab,su,reg,,FALSE,
tab,mr,regist,,FALSE,
tab,nc,regroup,,FALSE,
tab,mh,rel,,FALSE,
tab,ab,relation,,FALSE,
tab,mh,relatsh,,FALSE,
tab,fc,relatv,,FALSE,
tab,le,relciv,,TRUE,
tab,ab | fc,relig,,FALSE,
tab,le,relorg,,FALSE,
tab,mh,rem,,FALSE,
tab,mr,rename,,FALSE,
tab,le,rent,,TRUE | FALSE,
tab,le,rentburden,,FALSE,
tab,le,rentmort,,TRUE,
tab,covid,reopbus,,FALSE,
tab,mh | mr | nc,rep,,FALSE,
tab,mh,resil,,TRUE,
tab,le,resphaz,,FALSE,
tab,covid,respondent,,FALSE,
tab,covid,rest,,FALSE,
tab,mh,restrctintrst,,FALSE,
tab,mh,restrict,,FALSE,
tab,mr | ph,ret,,FALSE,
tab,le,return,,FALSE,
tab,mr,rev,,FALSE,
tab,ph,rfrbean,,FALSE,
tab,mr,rh,,FALSE,
tab,mr,rigid,,FALSE,
tab,ab,risk,,FALSE,
tab,mh,riskactv,,FALSE,
tab,nc,risky,,FALSE,
tab,le,rl,,FALSE,
tab,mr,rmfrt,,FALSE,
tab,mr,rnd,,TRUE,
tab,mr,rni,,TRUE,
tab,mr,rnt,,TRUE,
tab,le,roadprox,,TRUE,
tab,mh,rob,,FALSE,
tab,ph,rode,,FALSE,
tab,su,roid,,FALSE,
tab,le,rook,,FALSE,
tab,ph,rore,,FALSE,
tab,ab,roster,,FALSE,
tab,mr,rotat,,FALSE,
tab,mh,routine,,FALSE,
tab,ph,row,,FALSE,
tab,fc,rpi,,TRUE,
tab,su,rplc,,FALSE,
tab,ph,rpt,,FALSE,
tab,mr,rpvnf,,TRUE,
tab,ph,rq,,TRUE,
tab,mh,rr,,FALSE,
tab,le,rsei,,FALSE,
tab,mr,rsfmri,,TRUE | FALSE,
tab,mr,rsi,,TRUE,
tab,ecb | ph | su,rslt,,FALSE,
tab,mh,rsn,,FALSE,
tab,mh,rtrd,,FALSE,
tab,ph,rugby,,FALSE,
tab,mh | nc | su,rule,,TRUE | FALSE,
tab,mh,ruleoutgad,,FALSE,
tab,mh,ruleoutsub,,FALSE,
tab,mr | ph,run,,FALSE,
tab,mh,runaway,,FALSE,
tab,le,rural,,FALSE,
tab,le,rus,,FALSE,
tab,mr,rwrd,,FALSE,
tab,ph | su,rx,,FALSE,
tab,covid,rxdrg,,FALSE,
tab,le,rxmonit,,TRUE,
tab,le,rxnalox,,TRUE,
tab,su,rxopi,,FALSE,
tab,le,rxopioid,,TRUE,
tab,ph,rxpain,,FALSE,
tab,le,rxprescriptiveauth,,FALSE,
tab,su,rxsed,,FALSE,
tab,su,rxstim,,FALSE,
tab,ph,s040,,FALSE,
tab,ph,s060,,FALSE,
tab,ph,s080,,FALSE,
tab,ph,s100,,FALSE,
tab,ph,s120,,FALSE,
tab,ph,s140,,FALSE,
tab,ph,s160,,FALSE,
tab,ph,s180,,FALSE,
tab,fc | nc,safe,,FALSE,
tab,covid | ph,safety,,FALSE,
tab,fc,sag,,TRUE,
tab,ph,sail,,FALSE,
tab,ph,saiq,,TRUE,
tab,mr,sal,,FALSE,
tab,ph,salad,,FALSE,
tab,le,sale,,FALSE,
tab,su,salv,,FALSE,
tab,nc,samp,,FALSE,
tab,ph,sarm,,FALSE,
tab,ph,sbd,Sleep breathing disorders,FALSE,
tab,mr,sc,,FALSE,
tab,mrs | nc,scaled,,FALSE,
tab,ab,scan,,FALSE,
tab,mr,scc,,FALSE,
tab,mr,scgv,,FALSE,
tab,covid,sched,,FALSE,
tab,mh,schiz,,FALSE,
tab,mh,schizaffct,,FALSE,
tab,mh,schizform,,FALSE,
tab,le,schl,,TRUE,
tab,le,schlspeced,,FALSE,
tab,covid | mh | nt | ph | su,school,,FALSE,
tab,le,schpov,,FALSE,
tab,mr,scia,,FALSE,
tab,mr,scii,,FALSE,
tab,mr,scis,,FALSE,
tab,mr,scm,,FALSE,
tab,mr,scnr,,FALSE,
tab,ab | covid | le | nt,screen,,TRUE | FALSE,
tab,nt,screenon,,FALSE,
tab,nt,screentimeapp,,FALSE,
tab,nt,screentimedev,,FALSE,
tab,mr,scs,,FALSE,
tab,mh,sct,,FALSE,
tab,mr,scta,,FALSE,
tab,mr,sctp,,FALSE,
tab,mrs,scy,,FALSE,
tab,nc | ph,sd,,FALSE,
tab,nc,sdf,,FALSE,
tab,ph,sds,,TRUE,
tab,le,se,,FALSE,
tab,mh,seat,,FALSE,
tab,su,sed,,FALSE,
tab,mr,segmnt,,FALSE,
tab,ph,sele,,FALSE,
tab,le,selfresponse,,FALSE,
tab,mh,sens,,FALSE,
tab,mh,sep,,TRUE,
tab,mh,sepanx,,TRUE,
tab,mr,series,,FALSE,
tab,mr | nc | nt,sess,,FALSE,
tab,le,sev,,FALSE,
tab,mh,severity,,FALSE,
tab,ph,sex,,TRUE,
tab,ph,sfat,,FALSE,
tab,mr,sfi,,FALSE,
tab,mr,sfm,,TRUE | FALSE,
tab,mr,sfrt,,FALSE,
tab,mr,sfs,,FALSE,
tab,mr,sftw,,FALSE,
tab,ph,ship,,FALSE,
tab,ph,shldr,,FALSE,
tab,nt,shopping,,FALSE,
tab,nc,short,,FALSE,
tab,su,shot,,FALSE,
tab,su,shroom,,FALSE,
tab,le,shrub,,FALSE,
tab,mh,shy,,FALSE,
tab,le,si,,FALSE,
tab,su,sibu,,TRUE,
tab,mr,sifc,,FALSE,
tab,le | nc,single,,FALSE,
tab,le,singlehousehold,,FALSE,
tab,le,singlmoth,,FALSE,
tab,su,sip,,FALSE,
tab,mr,sipj,,FALSE,
tab,mr,sipt,,FALSE,
tab,mh,sis,,FALSE,
tab,covid | nc,sit,,TRUE | FALSE,
tab,ph,skatebd,,FALSE,
tab,ph,ski,,FALSE,
tab,covid | le | mh | nt | ph,sleep,,TRUE | FALSE,
tab,mh,sleepdistb,,FALSE,
tab,ab | mh | mr,slf,,FALSE,
tab,mh,slfestmdecr,,FALSE,
tab,mh,slfinj,,FALSE,
tab,mh,slfwrth,,FALSE,
tab,mr,slice,,FALSE,
tab,le,slope,,FALSE,
tab,mh,slpdecr,,FALSE,
tab,mr,sm,,TRUE | FALSE,
tab,nc,smarte,,TRUE,
tab,mr,smh,,FALSE,
tab,mr,smm,,FALSE,
tab,covid | su,smoke,,FALSE,
tab,mr,smri,,TRUE | FALSE,
tab,nt,sms,,FALSE,
tab,le,snap,,FALSE,
tab,su,sniff,,FALSE,
tab,mr,snr,,FALSE,
tab,mh | ph,so,,FALSE,
tab,le,so4,,FALSE,
tab,mr,soa,,FALSE,
tab,mh,soc,,FALSE,
tab,mh,socanx,,TRUE,
tab,ph,soccer,,FALSE,
tab,mh,socemotrcp,,FALSE,
tab,nt,social,,FALSE,
tab,ph,socjl,,FALSE,
tab,nt,socmed,,FALSE,
tab,le,socmob,,TRUE,
tab,le,socsrv,,TRUE,
tab,su,soda,,FALSE,
tab,ph,sodi,,FALSE,
tab,mr,sohs,,FALSE,
tab,mr,sol,,FALSE,
tab,ph,solid,,FALSE,
tab,su,solv,,FALSE,
tab,mh,som,,FALSE,
tab,mh,somat,,FALSE,
tab,mr,soml,,FALSE,
tab,mr,somo,,FALSE,
tab,mr,sost,,FALSE,
tab,mr,sotl,,FALSE,
tab,mr,sotml,,FALSE,
tab,ph,soup,,FALSE,
tab,ph,soy,,FALSE,
tab,ph,spagh,,FALSE,
tab,le,span,,FALSE,
tab,mr,spc,,FALSE,
tab,su,spcl,,FALSE,
tab,mr,spct,,FALSE,
tab,mh,spec,,FALSE,
tab,le,speced,,FALSE,
tab,le,specedidea,,FALSE,
tab,mh,speech,,FALSE,
tab,mr,spo,,FALSE,
tab,le | nt,sports,,TRUE | FALSE,
tab,mh,sppl,,FALSE,
tab,mr,sprip,,FALSE,
tab,mr,sprsp,,FALSE,
tab,mr,sprt,,FALSE,
tab,fc,srpf,,TRUE,
tab,mh,ss,,FALSE,
tab,ph,ssb,,FALSE,
tab,mr,ssd,,FALSE,
tab,mr,sso,,FALSE,
tab,mr,ssp,,FALSE,
tab,mh,ssrs,,TRUE,
tab,mr,ssrt,,FALSE,
tab,mr | ph,sst,,TRUE | FALSE,
tab,le,ssvi,,TRUE,
tab,covid | mr | nt | ph | su,start,,FALSE,
tab,mh,startle,,FALSE,
tab,ab,stat,,FALSE,
tab,le,state,,FALSE,
tab,covid,stayhome,,FALSE,
tab,ab,stc,,TRUE,
tab,mh,steal,,FALSE,
tab,mr,sti,,FALSE,
tab,covid | su,stim,,FALSE,
tab,nc,stimtype1,,FALSE,
tab,nc,stimtype2,,FALSE,
tab,nc,stimtype3,,FALSE,
tab,nc,stimtype4,,FALSE,
tab,nc,stimtype5,,FALSE,
tab,nc,stimtype6,,FALSE,
tab,nc,stimtype7,,FALSE,
tab,nc,stimtype8,,FALSE,
tab,mr,stmp,,FALSE,
tab,mr,stop,,FALSE,
tab,su,store,,FALSE,
tab,nt,stq,,TRUE,
tab,nt,stream,,FALSE,
tab,covid | ph,stress,,FALSE,
tab,mh,strng,,FALSE,
tab,le,stroke,,FALSE,
tab,mh,strs,,FALSE,
tab,mr,sts,,FALSE,
tab,mr,stt,,FALSE,
tab,mr,study,,FALSE,
tab,mr,stv,,FALSE,
tab,covid | mh,su,,FALSE,
tab,nc,subit,,FALSE,
tab,mh,subruleout,,FALSE,
tab,le,suburb,,FALSE,
tab,ph,sugar,,FALSE,
tab,su,sui,,TRUE,
tab,mh,suic,,TRUE | FALSE,
tab,mr,sulc,,TRUE,
tab,mr,sumask,,FALSE,
tab,mh,sup,,TRUE,
tab,le,superfund,,FALSE,
tab,fc,superv,,FALSE,
tab,fc,supp,,FALSE,
tab,su,suppl,,FALSE,
tab,mh,suppr,,FALSE,
tab,mh,suprstho,,FALSE,
tab,ph,surf,,FALSE,
tab,mh,surg,,FALSE,
tab,mr,susc,,FALSE,
tab,mh,sustattn,,FALSE,
tab,le,svi,,TRUE,
tab,nc,svs,,TRUE,
tab,le,swat,,FALSE,
tab,ph,swim,,FALSE,
tab,mr,switch,,FALSE,
tab,ph,swt,,FALSE,
tab,ph,swtd,Sleep-wake transition disorders,FALSE,
tab,covid | mh | nc | ph,sympt,,FALSE,
tab,mh,symptmulti,,FALSE,
tab,mh,synd,,FALSE,
tab,su,synth,,FALSE,
tab,ph,sys,,FALSE,
tab,mr,t1,,TRUE | FALSE,
tab,mr,t2,,TRUE | FALSE,
tab,su,t3hc,,FALSE,
tab,ph,taco,,FALSE,
tab,mh,talkexcess,,FALSE,
tab,mr,target,,FALSE,
tab,mh,task,,FALSE,
tab,mrs,tau,,FALSE,
tab,ab,tbi,,FALSE,
tab,ph,tbiage,,FALSE,
tab,ph,tblten,,FALSE,
tab,le,tc10,,FALSE,
tab,su,tca,,FALSE,
tab,mh,tcnsm,,FALSE,
tab,mr,td,,TRUE,
tab,mr,tdiff,,FALSE,
tab,su,tea,,FALSE,
tab,le,teachxp,,FALSE,
tab,le,teethlost,,FALSE,
tab,su,temaz,,FALSE,
tab,le | mr,temp,,TRUE | FALSE,
tab,mh,temper,,FALSE,
tab,mh,tenac,,FALSE,
tab,mh,tenacblf,,FALSE,
tab,ph,tennis,,FALSE,
tab,covid | ph,test,,FALSE,
tab,ph,testever,,FALSE,
tab,mr,tfmri,,TRUE | FALSE,
tab,mr,th,,FALSE,
tab,su,thc,,FALSE,
tab,su,thccooh,,FALSE,
tab,su,thcv,,FALSE,
tab,le,theme1,,FALSE,
tab,le,theme2,,FALSE,
tab,le,theme3,,FALSE,
tab,le,theme4,,FALSE,
tab,ph,theo,,FALSE,
tab,covid,think,,FALSE,
tab,mr,thk,,TRUE,
tab,mh,tho,,FALSE,
tab,mh,tic,,TRUE,
tab,ab | su,time,,FALSE,
tab,su,tinc,,FALSE,
tab,mrs,tisscorr,,FALSE,
tab,su,tlfb,,TRUE,
tab,mr,tmp,,FALSE,
tab,nc,to,,FALSE,
tab,su,tol,,FALSE,
tab,ph,toma,,FALSE,
tab,nt,tools,,FALSE,
tab,ph,topl,,FALSE,
tab,mr,topodfct,,FALSE,
tab,ph,topr,,FALSE,
tab,nc | nt,tot,,FALSE,
tab,le,total,,FALSE,
tab,mh,touchy,,FALSE,
tab,le,town,,FALSE,
tab,mr,tr,,FALSE,
tab,le,traffic,,TRUE,
tab,su,tranq,,FALSE,
tab,mr,trans,,FALSE,
tab,nt,travel,,FALSE,
tab,le,treecn,,FALSE,
tab,mr | nc,trial,,FALSE,
tab,nc,trial1,,FALSE,
tab,nc,trial2,,FALSE,
tab,nc,trial3,,FALSE,
tab,nc,trial4,,FALSE,
tab,nc,trial5,,FALSE,
tab,nc,trial6,,FALSE,
tab,nc,trial7,,FALSE,
tab,su,tried,,FALSE,
tab,nc,triple,,FALSE,
tab,mh,trma,,FALSE,
tab,mh,trmatho,,FALSE,
tab,mh,troub,,FALSE,
tab,mh,truant,,FALSE,
tab,mr,try,,FALSE,
tab,mh,ts,,FALSE,
tab,mr,tslf,,FALSE,
tab,mr,ttmp,,FALSE,
tab,mh,twin,,FALSE,
tab,su,ud,,FALSE,
tab,su,udstox,,TRUE,
tab,mr,unans,,FALSE,
tab,mh | mr,unc,,FALSE,
tab,nc,uncor,,FALSE,
tab,covid | le,unemp,,FALSE,
tab,le,unemploy,,FALSE,
tab,le,unemployment,,FALSE,
tab,covid,unempyearprior,,FALSE,
tab,le,unins,,FALSE,
tab,le,uninsured,,FALSE,
tab,mr,unpack,,FALSE,
tab,mh | su,unspec,,FALSE,
tab,su,unsucces,,FALSE,
tab,mh,unusmvmnt,,FALSE,
tab,mr,unwarp,,FALSE,
tab,ph,uppr,,FALSE,
tab,mh,upps,,TRUE,
tab,le,urban,,TRUE | FALSE,
tab,le,urbanicity,,FALSE,
tab,le,urbsat,,TRUE,
tab,le,urg,,FALSE,
tab,le | su,use,,FALSE,
tab,su,useage,,FALSE,
tab,nt,utilities,,FALSE,
tab,le,v,,FALSE,
tab,le,vacancy,,FALSE,
tab,mr,valid,,FALSE,
tab,mh,vandal,,FALSE,
tab,covid | su,vape,,FALSE,
tab,su,vapeexp,,TRUE,
tab,su,vapemot,,TRUE,
tab,mr,var,,TRUE,
tab,ph,vara,,FALSE,
tab,covid | ph,vax,,FALSE,
tab,ph,vb1,,FALSE,
tab,ph,vb12,,FALSE,
tab,ph,vb2,,FALSE,
tab,ph,vb6,,FALSE,
tab,ph,vc,,FALSE,
tab,mr,vdc,,FALSE,
tab,mr,vea,,FALSE,
tab,ph,vegnopota,,FALSE,
tab,mr,ventral,,FALSE,
tab,mr,ver,,FALSE,
tab,mh | sdev,vict,,TRUE | FALSE,
tab,nt,video,,FALSE,
tab,nt,vidgame,,FALSE,
tab,le,viet,,FALSE,
tab,mh,vindict,,FALSE,
tab,mr,violat,,FALSE,
tab,le,violent,,FALSE,
tab,mr,vis,,FALSE,
tab,ab | sdev,visit,,FALSE,
tab,ph,vit,,FALSE,
tab,ph,vk,,FALSE,
tab,fc,voc,,FALSE,
tab,mr,vol,,TRUE | FALSE,
tab,ph,volleyb,,FALSE,
tab,mh,vom,,FALSE,
tab,mr,vox,,FALSE,
tab,mrs,voxvol,,FALSE,
tab,le,vpd,,TRUE,
tab,fc,vs,,TRUE,
tab,sdev,vt,,TRUE,
tab,ph,waist,,FALSE,
tab,mh,wait,,FALSE,
tab,mh,wake,,FALSE,
tab,covid | le,walk,,TRUE | FALSE,
tab,mr,warp,,FALSE,
tab,ph,waso,,FALSE,
tab,ph,wbc,,FALSE,
tab,mh,weapon,,FALSE,
tab,nt,weather,,FALSE,
tab,ab | ph,weight,,FALSE,
tab,ph,wg,,FALSE,
tab,mh,wghtcntrl,,FALSE,
tab,mh,wghtgain,,FALSE,
tab,mh,wghtloss,,FALSE,
tab,mr,whb,,FALSE,
tab,le,white,,FALSE,
tab,ph,whlgrain,,FALSE,
tab,ph,whlwht,,FALSE,
tab,nc,wins,,FALSE,
tab,nc,wisc,,TRUE,
tab,mh,wishdead,,FALSE,
tab,su,withdr,,FALSE,
tab,nt,wkdy,,FALSE,
tab,mh,wkly3mo,,FALSE,
tab,nt | su,wknd,,FALSE,
tab,mr | mrs,wm,,TRUE | FALSE,
tab,mr,wmh,,FALSE,
tab,mr,wmunder,,FALSE,
tab,le,woodwt,,FALSE,
tab,le,workwhitecollar,,FALSE,
tab,covid | mh | ph,worry,,FALSE,
tab,fc,worsh,,FALSE,
tab,fc,wpss,,TRUE,
tab,ph,wrist,,FALSE,
tab,mr,wrngloc,,FALSE,
tab,nc,wrong,,FALSE,
tab,mh,wthdep,,FALSE,
tab,mh,wthdr,,FALSE,
tab,mr,xdir,,FALSE,
tab,ph | sdev,y,,FALSE,
tab,mr,ydir,,FALSE,
tab,mh,yes,,FALSE,
tab,ph,yoga,,FALSE,
tab,mh,young,,FALSE,
tab,nt,youtube,Youtube,FALSE,
tab,le,yrs,,FALSE,
tab,mh,ysr,Youth self report,TRUE,
tab,nt,yst,,TRUE,
tab,ab | su,yth,,FALSE,
tab,mr,zdir,Z direction,FALSE,
tab,ph,zinc,,FALSE,
tab,le,zn,,FALSE,
tab,ab,zyg,Zygosity,FALSE,
tab,gn,zygrat,Zygosity rating,TRUE,
item,le,2010,2010 census,FALSE,summary score
item,le,20142018,2014-2018 time frame,FALSE,summary score
item,le,2016,2016 census,FALSE,summary score
item,covid,2019,2019 census,FALSE,summary score
item,ecb,2ag,2-Arachidonoylglycerol (2-AG),TRUE,item
item,ecb,2og,2-oleoylglycerol (OG),TRUE,item
item,ab,3lvl,3 level categorization,FALSE,summary score
item,ab,6lvl,6 level categorization,FALSE,summary score
item,ph,absl,Absolute value,TRUE,summary score
item,su,abst,Abstinence of substance use,TRUE,summary score
item,mr | nc,acc,Accuracy,TRUE,summary score
item,ab,acsps,ACS propensity score,TRUE,summary score
item,fc | mh | nc | nt | ph | sdev | su,adm,Administration method,TRUE,administrative
item,ecb,aea,N-arachidonoylethanolamine (AEA),TRUE,summary score
item,ab | covid | ecb | fc | irma | mh | mr | mrs | nc | nt | ph | sdev | su,age,Age,TRUE | FALSE,administrative | item
item,gn | nc,amt,Amount,TRUE,item | summary score
item,gn,app,Appearance,TRUE,item
item,mrs,area,Area,TRUE,summary score
item,nc,balance,Total balance,TRUE,summary score
item,le,baplus,Ba+ rate,TRUE,summary score
item,ph,before15,Before the age of 15,TRUE,summary score
item,mr,beta,Beta,TRUE,summary score
item,mr,bias,Bias,TRUE,summary score
item,ab | gn,birth,Birth,FALSE,administrative
item,ph,birthweight,Birth weight,TRUE,summary score
item,le,c5,Child opportunity levels,TRUE,summary score
item,ph,categ,Category,TRUE,summary score
item,le,ccd,Common core of data,TRUE,summary score
item,ab,cgs,Caregivers,FALSE,summary score
item,le,charter,Charter school,TRUE,summary score
item,ph,chrono,Chronotype,TRUE,summary score
item,gn,cmplxn,Complexion,TRUE,item
item,su,cnf,Confirmation results,TRUE,summary score
item,covid,code,Code,TRUE,summary score
item,gn,col,Color,TRUE,item
item,covid | nc | su,compl,Completion status of protocol element,TRUE | FALSE,administrative | item | summary score
item,su,complrsn,Completion status explanation or details,TRUE | FALSE,administrative | item
item,le | mrs,conc,Concentration,TRUE,summary score
item,covid | le | mh | mr | nc | nt | ph | su,count,Count,TRUE,administrative | summary score
item,gn,crly,Curly (hair),TRUE,item
item,ph,cup,Cup,TRUE,summary score
item,gn,dark,Darkness,TRUE,item
item,ab,days,Days,TRUE,administrative
item,covid | le,db0,0 days before study visit,FALSE,summary score
item,covid | le,db1,1 day before study visit,FALSE,summary score
item,covid | le,db2,2 days before study visit,FALSE,summary score
item,covid | le,db3,3 days before study visit,FALSE,summary score
item,covid | le,db4,4 days before study visit,FALSE,summary score
item,covid | le,db5,5 days before study visit,FALSE,summary score
item,covid | le,db6,6 days before study visit,FALSE,summary score
item,le,decile,National deciles,TRUE,summary score
item,le,density,Density score,TRUE,summary score
item,le,designation,Designation,TRUE,summary score
item,fc | mh | nc | ph | su,dev,Device,TRUE,administrative
item,mr,diag,Diagnostic number,TRUE,administrative
item,le,diff,Difference,TRUE,summary score
item,ab,district,District,FALSE,administrative
item,ab,dob,Date of birth,TRUE,administrative
item,mr,dof,Degrees of freedom,TRUE,administrative
item,mr,dprime,D-prime,TRUE,summary score
item,ab | covid | irma | mr | mrs | nt | ph | sdev | su,dt,Date,TRUE,administrative | item | summary score
item,ab | ecb | fc | mh | mr | nc | nt | ph | su,dtt,Datetime,TRUE | FALSE,administrative | item
item,covid | nc | ph,dur,Duration,TRUE,summary score
item,mh | su,dx,Diagnosis,TRUE,summary score
item,ab,edu,Education,TRUE,summary score
item,nc,effncy,Efficiency,TRUE,summary score
item,ab,employ,Employment,FALSE,summary score
item,ph,err,Error,TRUE,summary score
item,ab,ethn,Ethnicity,TRUE,summary score
item,ab,ethnrace,Ethno-racial identity,TRUE,summary score
item,ab | gn,fam,Family,FALSE,administrative
item,gn,famno,Family number,TRUE,administrative
item,ab,famrel,Family relation,TRUE,administrative
item,mr,fldstr,Field strength,TRUE,administrative
item,mr,flsalrm,False alarm,TRUE,summary score
item,ph,freq,Frequency,TRUE,summary score
item,mr | mrs,fwhm,Full Width Half Max,TRUE,administrative | summary score
item,ph,g,Grams,TRUE,summary score
item,ab,gen,Genetic,FALSE,administrative
item,ab,grade,Grade in school,TRUE,summary score
item,le,grdcenter,Grade used for centering,TRUE,summary score
item,ab,group,Group,FALSE,administrative
item,ab,grouporder,In-group order,FALSE,administrative
item,ab,hhold,Household,FALSE,summary score
item,ph,hr,Hours,TRUE,derived item
item,ab | gn | nc,id,ID,TRUE,administrative
item,le,idx,Concentration index,TRUE,summary score
item,le,ii,Information index,TRUE,summary score
item,ab,income,Income,TRUE,summary score
item,ph,index,Index,TRUE,summary score
item,le | mr | nc | nt,indicator,Indicator (binary field),TRUE,administrative | summary score
item,ph,inertia,Inertia,TRUE,summary score
item,ab,inform,Informant,TRUE,administrative
item,ph,insuff,Insufficient,TRUE,summary score
item,mr,intgr,Integration,TRUE,summary score
item,nc,jbcrit1,JB criterion 1,TRUE,summary score
item,nc,jbcrit2,JB criterion 2,TRUE,summary score
item,gn,judgement,Judgement or decision,TRUE,item
item,ph,kcal,Kilocalories,TRUE,summary score
item,nc,keyassign,Key assignment for task,TRUE,administrative
item,su,lab,Lab or testing facility,TRUE,administrative
item,ab | covid | fc | irma | mh | nc | nt | ph | su,lang,Language,TRUE,administrative
item,ph,latent,Latency for sleep,TRUE,summary score
item,mh,lctn,Location,FALSE,administrative
item,ab,leg,Legacy item,FALSE,summary score
item,su,len,Length,TRUE,summary score
item,le,level,Level,TRUE,summary score
item,nc,list,List of words,TRUE,administrative
item,le,lminc,Log of median income,TRUE,summary score
item,ph,load,Load,TRUE,summary score
item,le,locale,Locale,TRUE,summary score
item,ph,loss,Loss,TRUE,summary score
item,ph,low,Below lower limit of sensitivity,TRUE,summary score
item,nc,ltncy,Latency,TRUE,summary score
item,le,m,Meters,TRUE,summary score
item,le,magnet,Magnet school,TRUE,summary score
item,ab | mr,manufact,Manufacturer,TRUE | FALSE,administrative
item,le | mr,max,Maximum value,TRUE,administrative | summary score
item,su,maxdose,Maximum dose,TRUE,summary score
item,ab,mblack,Multiracial endorsed black ethno-racial identity,FALSE,summary score
item,ph,mcg,Micrograms,TRUE,summary score
item,covid | fc | le | mh | mr | mrs | nc | nt | ph | su,mean,Mean value,TRUE,administrative | summary score
item,covid | le | mr,med,Median value,TRUE,administrative | summary score
item,nc,medrt,Median reaction time,TRUE,summary score
item,ab,meim,Multi-group Ethnic Identity Measure,FALSE,summary score
item,le,metro,Metropolitan area,TRUE,summary score
item,ph,mg,Milligrams,TRUE,summary score
item,ab,mhisp,Multiracial endorsed hispanic ethno-racial identity,FALSE,summary score
item,le,micro,Micropolitan area,TRUE,summary score
item,le | mr,min,Minimum,TRUE,administrative | summary score
item,ab | mr,model,Model of device,TRUE | FALSE,administrative
item,ph,morph,Morphology,TRUE,summary score
item,ab,mr,MRI scanner,TRUE,administrative
item,mh,mthd,Method,FALSE,administrative
item,mr,nbad,Count of bad items,TRUE,administrative
item,ab,nih,NIH classification,FALSE,summary score
item,fc | mh | nc | nt | ph | su,nm,Number of missing answers,TRUE,summary score
item,mr,notes,Note field,TRUE,administrative
item,ph,null,None detected or null results,TRUE,summary score
item,ecb,oea,Oleoylethanolamide (OEA),TRUE,summary score
item,mr,order,Order used for task or trial,TRUE,administrative
item,nc | nt,os,Operating system,TRUE,administrative
item,ph,outlier,Outlier flag,TRUE,summary score
item,ph,oz,Ounces,TRUE,summary score
item,gn,paired,Paired genetic relation,FALSE,administrative
item,ab | gn,pc,Principal component,TRUE,summary score
item,ecb,pea,Palmitoylethanolamide (PEA),TRUE,summary score
item,ph,period,Period,TRUE,summary score
item,gn,pihat,Pihat,TRUE,summary score
item,covid,pop,Population data,TRUE,summary score
item,covid | le | mrs | nc | ph,prcnt,Percentage,TRUE,administrative | summary score
item,le,prcntile,Percentile,TRUE,summary score
item,le,preval,Prevalance,TRUE,summary score
item,covid | le | mr | mrs | nc,prop,Proportion,TRUE,summary score
item,su,prsum,Prorated sum,TRUE,summary score
item,ab,prtnrshp,Partnership status,TRUE,summary score
item,gn,pttrn,Pattern,TRUE,item
item,le,qc,Quality control,TRUE,summary score
item,ph | su,qnt,Quantity,TRUE,summary score
item,nc,quit,Quit flag,TRUE,administrative
item,ab,race,Race,TRUE,summary score
item,covid | le,rate,Rate,TRUE,summary score
item,mrs,ratio,Ratio,TRUE,summary score
item,le,rdi,Ratio of disadvantaged index,TRUE,summary score
item,ph,rel,Relative,TRUE,summary score
item,mr,rms,Root mean square,TRUE,administrative
item,fc | mh | nc | ph | su,rmt,Remote,FALSE,administrative
item,mr | nc,rt,Reaction time,TRUE,administrative | summary score
item,le,same0913,Same set of counties in 2009 and 2013,TRUE,summary score
item,ab,school,School,FALSE,administrative
item,le | mh | mr | nc | ph,score,Score,TRUE,administrative | summary score
item,nc,scrht,Screen height,TRUE,administrative
item,su,scrn,Screening item,TRUE,summary score
item,nc,scrwd,Screen width,TRUE,administrative
item,le,se,Standard error,TRUE,summary score
item,mr,sem,Standard error of the mean,TRUE,summary score
item,ab | mr,serial,Serial number,TRUE | FALSE,administrative
item,mr,series,Series number,TRUE,administrative
item,le,ses,Socioeconomic status,TRUE,summary score
item,nc,sess,Session number,TRUE,administrative
item,mr,sessid,Session (visit) name,TRUE,administrative
item,ab | mh,sex,Sex,TRUE,derived item | summary score
item,ab | mrs,site,Site,TRUE,administrative
item,le,slope,Slope,TRUE,summary score
item,mrs,snr,Signal to Noise ratio,TRUE,summary score
item,ab,software,Software,FALSE,administrative
item,le,soundlvl,Sound level,TRUE,summary score
item,ab,sstwin,Same sex twin,TRUE,administrative
item,le,stat,Statistic,TRUE,summary score
item,mr,std,Standard deviation,TRUE,administrative | summary score
item,fc | mh | mr | nc | nt | ph | su,sum,Sum,TRUE,administrative | item | summary score
item,mh | su,sx,Symptom,TRUE,summary score
item,mr | ph,t,Time,TRUE,administrative | summary score
item,gn,t01,Twin 1,FALSE,item
item,gn,t02,Twin 2,FALSE,item
item,ph,tbiage,Age of TBI,TRUE,summary score
item,ph,tbiworst,Worst overall TBI,TRUE,summary score
item,nc,testdelays,Tested delays,TRUE,administrative
item,nc,theta,Theta,TRUE,summary score
item,nc,to,Timeouts,TRUE,summary score
item,su,totdose,Total dose,TRUE,summary score
item,mr,tr,Repetition time,TRUE,administrative
item,mh | nc,tscore,T score,TRUE,summary score
item,ph,tsp,Teaspoons,TRUE,summary score
item,gn,twinsage,Age of twin,TRUE,administrative
item,gn,txtr,Texture,TRUE,item
item,ab | gn | le | mr,type,Type,TRUE,administrative | item | summary score
item,su,ud,Count of use days,TRUE,summary score
item,mr,uid,Unique identifier,TRUE,administrative
item,le,urbanclassification,Urban classification,TRUE,summary score
item,su,useage,Age of substance use,TRUE,summary score
item,nc,valid,Validity check/flag,TRUE,summary score
item,mr | nc | nt | su,ver,Version,TRUE,administrative
item,su,weight,Weight,TRUE,administrative
item,mr,wmean,Weighted mean,TRUE,summary score
item,le,wsum,Weighted sum,TRUE,summary score
item,le,yb0,0 years before study visit,FALSE,summary score
item,le,yb1,1 year before study visit,FALSE,summary score
item,le,yb2,2 years before study visit,FALSE,summary score
item,le,yb3,3 years before study visit,FALSE,summary score
item,le,yb4,4 years before study visit,FALSE,summary score
item,le,yb5,5 years before study visit,FALSE,summary score
item,le,zscore,Z score,TRUE,summary score
item,gn,zyg,Zygosity,TRUE,summary score
